Pregnancies,Glucose,BloodPressure,Insulin,BMI,DiabetesPedigreeFunction,Age
6.0,98.0,58.0,190.0,34.0,0.43,43.0
2.0,112.0,75.0,0.0,35.7,0.148,21.0
2.0,108.0,64.0,0.0,30.8,0.158,21.0
8.0,107.0,80.0,0.0,24.6,0.856,34.0
7.0,136.0,90.0,0.0,29.9,0.21,50.0
6.0,103.0,72.0,190.0,37.7,0.324,55.0
1.0,71.0,48.0,76.0,20.4,0.323,22.0
0.0,117.0,0.0,0.0,33.8,0.932,44.0
4.0,154.0,72.0,126.0,31.3,0.338,37.0
5.0,147.0,78.0,0.0,33.7,0.218,65.0
10.0,111.0,70.0,0.0,27.5,0.141,40.0
7.0,179.0,95.0,0.0,34.2,0.164,60.0
4.0,148.0,60.0,318.0,30.9,0.15,29.0
5.0,96.0,74.0,67.0,33.6,0.997,43.0
2.0,88.0,58.0,16.0,28.4,0.766,22.0
1.0,125.0,50.0,167.0,33.3,0.962,28.0
3.0,84.0,72.0,0.0,37.2,0.267,28.0
5.0,86.0,68.0,71.0,30.2,0.364,24.0
4.0,183.0,0.0,0.0,28.4,0.212,36.0
0.0,140.0,65.0,130.0,42.6,0.431,24.0
5.0,104.0,74.0,0.0,28.8,0.153,48.0
1.0,88.0,78.0,76.0,32.0,0.365,29.0
13.0,106.0,72.0,0.0,36.6,0.178,45.0
1.0,96.0,64.0,87.0,33.2,0.289,21.0
10.0,129.0,76.0,122.0,35.9,0.28,39.0
7.0,184.0,84.0,0.0,35.5,0.355,41.0
6.0,109.0,60.0,0.0,25.0,0.206,27.0
1.0,100.0,74.0,46.0,19.5,0.149,28.0
2.0,102.0,86.0,120.0,45.5,0.127,23.0
3.0,89.0,74.0,85.0,30.4,0.551,38.0
0.0,162.0,76.0,100.0,53.2,0.759,25.0
4.0,146.0,78.0,0.0,38.5,0.52,67.0
4.0,184.0,78.0,277.0,37.0,0.264,31.0
0.0,167.0,0.0,0.0,32.3,0.839,30.0
2.0,109.0,92.0,0.0,42.7,0.845,54.0
9.0,152.0,78.0,171.0,34.2,0.893,33.0
2.0,197.0,70.0,0.0,34.7,0.575,62.0
0.0,109.0,88.0,0.0,32.5,0.855,38.0
12.0,121.0,78.0,0.0,26.5,0.259,62.0
0.0,131.0,0.0,0.0,43.2,0.27,26.0
4.0,85.0,58.0,49.0,27.8,0.306,28.0
1.0,135.0,54.0,0.0,26.7,0.687,62.0
5.0,109.0,75.0,0.0,36.0,0.546,60.0
13.0,104.0,72.0,0.0,31.2,0.465,38.0
6.0,92.0,92.0,0.0,19.9,0.188,28.0
3.0,158.0,76.0,245.0,31.6,0.851,28.0
4.0,111.0,72.0,207.0,37.1,1.39,56.0
5.0,95.0,72.0,0.0,37.7,0.37,27.0
8.0,112.0,72.0,0.0,23.6,0.84,58.0
0.0,173.0,78.0,265.0,46.5,1.159,58.0
4.0,94.0,65.0,0.0,24.7,0.148,21.0
9.0,145.0,88.0,165.0,30.3,0.771,53.0
12.0,140.0,82.0,325.0,39.2,0.528,58.0
2.0,134.0,70.0,0.0,28.9,0.542,23.0
0.0,139.0,62.0,210.0,22.1,0.207,21.0
3.0,74.0,68.0,45.0,29.7,0.293,23.0
5.0,158.0,70.0,0.0,29.8,0.207,63.0
3.0,80.0,0.0,0.0,0.0,0.174,22.0
2.0,121.0,70.0,95.0,39.1,0.886,23.0
5.0,168.0,64.0,0.0,32.9,0.135,41.0
8.0,154.0,78.0,0.0,32.4,0.443,45.0
2.0,122.0,70.0,0.0,36.8,0.34,27.0
6.0,129.0,90.0,326.0,19.6,0.582,60.0
12.0,92.0,62.0,258.0,27.6,0.926,44.0
0.0,84.0,82.0,125.0,38.2,0.233,23.0
0.0,147.0,85.0,0.0,42.8,0.375,24.0
2.0,81.0,60.0,0.0,27.7,0.29,25.0
5.0,137.0,108.0,0.0,48.8,0.227,37.0
0.0,104.0,76.0,0.0,18.4,0.582,27.0
1.0,172.0,68.0,579.0,42.4,0.702,28.0
7.0,150.0,66.0,342.0,34.7,0.718,42.0
4.0,83.0,86.0,0.0,29.3,0.317,34.0
9.0,91.0,68.0,0.0,24.2,0.2,58.0
0.0,95.0,85.0,36.0,37.4,0.247,24.0
6.0,103.0,66.0,0.0,24.3,0.249,29.0
5.0,103.0,108.0,0.0,39.2,0.305,65.0
2.0,105.0,75.0,0.0,23.3,0.56,53.0
3.0,96.0,56.0,115.0,24.7,0.944,39.0
0.0,117.0,66.0,188.0,30.8,0.493,22.0
4.0,110.0,92.0,0.0,37.6,0.191,30.0
7.0,159.0,66.0,0.0,30.4,0.383,36.0
0.0,104.0,64.0,64.0,33.6,0.51,22.0
2.0,75.0,64.0,55.0,29.7,0.37,33.0
0.0,135.0,94.0,145.0,40.6,0.284,26.0
0.0,119.0,64.0,92.0,34.9,0.725,23.0
3.0,187.0,70.0,200.0,36.4,0.408,36.0
7.0,152.0,88.0,0.0,50.0,0.337,36.0
2.0,124.0,68.0,205.0,32.9,0.875,30.0
5.0,99.0,74.0,0.0,29.0,0.203,32.0
2.0,87.0,58.0,52.0,32.7,0.166,25.0
0.0,93.0,60.0,92.0,28.7,0.532,22.0
4.0,92.0,80.0,0.0,42.2,0.237,29.0
2.0,74.0,0.0,0.0,0.0,0.102,22.0
8.0,120.0,0.0,0.0,30.0,0.183,38.0
2.0,123.0,48.0,165.0,42.1,0.52,26.0
1.0,144.0,82.0,0.0,41.3,0.607,28.0
9.0,106.0,52.0,0.0,31.2,0.38,42.0
2.0,83.0,65.0,66.0,36.8,0.629,24.0
0.0,177.0,60.0,478.0,34.6,1.072,21.0
7.0,62.0,78.0,0.0,32.6,0.391,41.0
1.0,164.0,82.0,67.0,32.8,0.341,50.0
0.0,78.0,88.0,40.0,36.9,0.434,21.0
13.0,126.0,90.0,0.0,43.4,0.583,42.0
2.0,146.0,76.0,194.0,38.2,0.329,29.0
4.0,158.0,78.0,0.0,32.9,0.803,31.0
2.0,112.0,86.0,160.0,38.4,0.246,28.0
2.0,141.0,58.0,128.0,25.4,0.699,24.0
3.0,173.0,78.0,185.0,33.8,0.97,31.0
3.0,80.0,82.0,70.0,34.2,1.292,27.0
7.0,109.0,80.0,0.0,35.9,1.127,43.0
4.0,97.0,60.0,0.0,28.2,0.443,22.0
2.0,175.0,88.0,0.0,22.9,0.326,22.0
7.0,105.0,0.0,0.0,0.0,0.305,24.0
8.0,167.0,106.0,231.0,37.6,0.165,43.0
1.0,112.0,72.0,176.0,34.4,0.528,25.0
1.0,124.0,60.0,0.0,35.8,0.514,21.0
3.0,162.0,52.0,0.0,37.2,0.652,24.0
4.0,110.0,66.0,0.0,31.9,0.471,29.0
2.0,91.0,62.0,0.0,27.3,0.525,22.0
10.0,115.0,0.0,0.0,35.3,0.134,29.0
1.0,105.0,58.0,0.0,24.3,0.187,21.0
2.0,100.0,70.0,57.0,40.5,0.677,25.0
9.0,119.0,80.0,0.0,29.0,0.263,29.0
1.0,90.0,62.0,59.0,25.1,1.268,25.0
1.0,151.0,60.0,0.0,26.1,0.179,22.0
10.0,101.0,76.0,180.0,32.9,0.171,63.0
10.0,115.0,0.0,0.0,0.0,0.261,30.0
11.0,155.0,76.0,150.0,33.3,1.353,51.0
11.0,135.0,0.0,0.0,52.3,0.578,40.0
4.0,189.0,110.0,0.0,28.5,0.68,37.0
8.0,183.0,64.0,0.0,23.3,0.672,32.0
12.0,151.0,70.0,271.0,41.8,0.742,38.0
1.0,109.0,60.0,182.0,25.4,0.947,21.0
11.0,136.0,84.0,130.0,28.3,0.26,42.0
1.0,181.0,78.0,293.0,40.0,1.258,22.0
3.0,102.0,74.0,0.0,29.5,0.121,32.0
8.0,120.0,86.0,0.0,28.4,0.259,22.0
13.0,158.0,114.0,0.0,42.3,0.257,44.0
7.0,150.0,78.0,126.0,35.2,0.692,54.0
2.0,68.0,62.0,15.0,20.1,0.257,23.0
2.0,112.0,66.0,0.0,25.0,0.307,24.0
2.0,90.0,60.0,0.0,23.5,0.191,25.0
2.0,139.0,75.0,0.0,25.6,0.167,29.0
1.0,139.0,62.0,480.0,40.7,0.536,21.0
0.0,93.0,60.0,0.0,35.3,0.263,25.0
8.0,84.0,74.0,0.0,38.3,0.457,39.0
5.0,85.0,74.0,0.0,29.0,1.224,32.0
1.0,73.0,50.0,0.0,23.0,0.248,21.0
4.0,112.0,78.0,0.0,39.4,0.236,38.0
9.0,165.0,88.0,0.0,30.4,0.302,49.0
1.0,77.0,56.0,56.0,33.3,1.251,24.0
8.0,95.0,72.0,0.0,36.8,0.485,57.0
2.0,146.0,70.0,360.0,28.0,0.337,29.0
8.0,74.0,70.0,49.0,35.3,0.705,39.0
